state,place,percent_over_65,median_income,percent_disabled
CA,"Acalanes Ridge CDP, California",0.3317,172667.0,0.0937
CA,"Acton CDP, California",0.2039,110000.0,0.1284
CA,"Adelanto city, California",0.0756,68419.0,0.1593
CA,"Agoura Hills city, California",0.187,171944.0,0.0782
CA,"Agua Dulce CDP, California",0.2637,124268.0,0.1329
CA,"Ahwahnee CDP, California",0.5666,65980.0,0.2069
CA,"Airport CDP, California",0.0652,42000.0,0.151
CA,"Alameda city, California",0.1716,132015.0,0.0952
CA,"Alamo CDP, California",0.2443,250001.0,0.0888
CA,"Albany city, California",0.1401,135927.0,0.0641
CA,"Alhambra Valley CDP, California",0.2657,202024.0,0.19
CA,"Alhambra city, California",0.1908,85189.0,0.0989
CA,"Aliso Viejo city, California",0.1053,137970.0,0.071
CA,"Allendale CDP, California",0.2527,110284.0,0.1822
CA,"Allensworth CDP, California",0.0655,61250.0,0.0971
CA,"Alondra Park CDP, California",0.1697,86064.0,0.1078
CA,"Alpaugh CDP, California",0.0328,42917.0,0.0727
CA,"Alpine CDP, California",0.1884,111723.0,0.1176
CA,"Alpine Village CDP, California",0.2667,72500.0,0.0718
CA,"Alta CDP, California",0.1838,94718.0,0.1554
CA,"Alta Sierra CDP (Nevada County), California",0.3334,99576.0,0.1164
CA,"Altadena CDP, California",0.2145,129123.0,0.1071
CA,"Alturas city, California",0.2316,54634.0,0.1839
CA,"Alum Rock CDP, California",0.1661,111976.0,0.0986
CA,"Amador City city, California",0.1622,69844.0,0.0991
CA,"Amador Pines CDP, California",0.4062,85875.0,0.1646
CA,"American Canyon city, California",0.129,123935.0,0.1157
CA,"Amesti CDP, California",0.2017,102083.0,0.085
CA,"Anaheim city, California",0.1265,90583.0,0.0987
CA,"Anchor Bay CDP, California",0.1727,82448.0,0.0091
CA,"Anderson city, California",0.1615,50306.0,0.2305
CA,"Angels city, California",0.2886,60353.0,0.1924
CA,"Angwin CDP, California",0.111,127115.0,0.0782
CA,"Antelope CDP, California",0.1131,95102.0,0.1136
CA,"Antioch city, California",0.1366,94256.0,0.1476
CA,"Anza CDP, California",0.1781,53814.0,0.1726
CA,"Apple Valley town, California",0.1699,65926.0,0.1584
CA,"Aptos CDP, California",0.2546,135349.0,0.0973
CA,"Aptos Hills-Larkin Valley CDP, California",0.3832,154591.0,0.0965
CA,"Arbuckle CDP, California",0.1165,83677.0,0.1031
CA,"Arcadia city, California",0.1973,116142.0,0.1057
CA,"Arcata city, California",0.1313,48731.0,0.1607
CA,"Arden-Arcade CDP, California",0.1702,71767.0,0.1427
CA,"Armona CDP, California",0.0676,60100.0,0.1046
CA,"Arnold CDP, California",0.4337,92589.0,0.1406
CA,"Aromas CDP, California",0.1897,184667.0,0.0773
CA,"Arroyo Grande city, California",0.2566,103258.0,0.1577
CA,"Artesia city, California",0.1632,97712.0,0.128
CA,"Artois CDP, California",0.2241,147902.0,0.1207
CA,"Arvin city, California",0.055,49984.0,0.0621
CA,"Ashland CDP, California",0.1246,81604.0,0.1325
CA,"Aspen Springs CDP, California",0.0,129349.0,0.0
CA,"Atascadero city, California",0.1724,88830.0,0.1367
CA,"Atherton town, California",0.2564,250001.0,0.0778
CA,"Atwater city, California",0.1275,63945.0,0.137
CA,"Auberry CDP, California",0.2889,75000.0,0.2619
CA,"Auburn Lake Trails CDP, California",0.2419,128500.0,0.1005
CA,"Auburn city, California",0.2678,77760.0,0.1232
CA,"August CDP, California",0.0854,48708.0,0.1044
CA,"Avalon city, California",0.1402,91713.0,0.0777
CA,"Avenal city, California",0.0512,52986.0,0.0834
CA,"Avery CDP, California",0.4623,59417.0,0.1558
CA,"Avila Beach CDP, California",0.3744,185363.0,0.0872
CA,"Avocado Heights CDP, California",0.1507,95000.0,0.0915
CA,"Azusa city, California",0.12,85727.0,0.0977
CA,"Bakersfield Country Club CDP, California",0.2101,101510.0,0.1196
CA,"Bakersfield city, California",0.1084,77397.0,0.1094
CA,"Baldwin Park city, California",0.141,79087.0,0.1165
CA,"Ballard CDP, California",0.2337,113750.0,0.1043
CA,"Ballico CDP, California",0.0911,163500.0,0.2007
CA,"Bangor CDP, California",0.5664,98438.0,0.3333
CA,"Banning city, California",0.2853,57699.0,0.2309
CA,"Barstow city, California",0.1271,51811.0,0.1764
CA,"Bass Lake CDP, California",0.3095,152083.0,0.0298
CA,"Bay Point CDP, California",0.1013,80684.0,0.1272
CA,"Bayview CDP (Contra Costa County), California",0.1362,132356.0,0.1745
CA,"Bayview CDP (Humboldt County), California",0.1994,44239.0,0.1802
CA,"Baywood Park CDP, California",0.2951,201071.0,0.1094
CA,"Beale AFB CDP, California",0.0,68676.0,0.0204
CA,"Bear Valley Springs CDP, California",0.3173,121069.0,0.1533
CA,"Beaumont city, California",0.1381,105164.0,0.1099
CA,"Bell Canyon CDP, California",0.2068,250001.0,0.068
CA,"Bell Gardens city, California",0.0947,55372.0,0.0848
CA,"Bell city, California",0.1117,60641.0,0.1067
CA,"Bella Vista CDP, California",0.2397,88318.0,0.1965
CA,"Bellflower city, California",0.1193,77602.0,0.1192
CA,"Belmont city, California",0.1387,207609.0,0.0847
CA,"Belvedere city, California",0.2484,250001.0,0.082
CA,"Ben Lomond CDP, California",0.2116,120977.0,0.1134
CA,"Benicia city, California",0.2209,125040.0,0.1059
CA,"Benton CDP, California",0.3777,65035.0,0.0924
CA,"Benton Park CDP, California",0.0788,62475.0,0.1285
CA,"Berkeley city, California",0.1648,108558.0,0.1017
CA,"Bermuda Dunes CDP, California",0.1904,93819.0,0.0894
CA,"Berry Creek CDP, California",0.3506,47679.0,0.2371
CA,"Bertsch-Oceanview CDP, California",0.2107,73229.0,0.1862
CA,"Bethel Island CDP, California",0.2887,78393.0,0.2458
CA,"Beverly Hills city, California",0.2488,127979.0,0.1056
CA,"Bieber CDP, California",0.0714,50800.0,0.1136
CA,"Big Bear City CDP, California",0.214,72457.0,0.1266
CA,"Big Bear Lake city, California",0.2074,74728.0,0.0895
CA,"Big Bend CDP, California",0.2424,28958.0,0.2348
CA,"Big Lagoon CDP, California",0.4348,56875.0,0.0957
CA,"Big Pine CDP, California",0.2302,52647.0,0.2705
CA,"Big River CDP, California",0.3922,40179.0,0.2498
CA,"Biggs city, California",0.1224,73542.0,0.1721
CA,"Biola CDP, California",0.1187,40094.0,0.1539
CA,"Bishop city, California",0.2455,82205.0,0.1263
CA,"Black Point-Green Point CDP, California",0.316,125875.0,0.0737
CA,"Blackhawk CDP, California",0.2698,239681.0,0.062
CA,"Blacklake CDP, California",0.5802,99191.0,0.1497
CA,"Bloomfield CDP, California",0.4694,135750.0,0.1327
CA,"Bloomington CDP, California",0.1028,81220.0,0.0937
CA,"Blue Lake city, California",0.2818,52813.0,0.1755
CA,"Bluewater CDP, California",0.8611,65313.0,0.3056
CA,"Blythe city, California",0.099,51984.0,0.1147
CA,"Bodega Bay CDP, California",0.293,177188.0,0.0565
CA,"Bodega CDP, California",0.3164,131613.0,0.0
CA,"Bodfish CDP, California",0.2665,33295.0,0.2843
CA,"Bolinas CDP, California",0.4728,95192.0,0.1259
CA,"Bombay Beach CDP, California",0.3003,25968.0,0.1725
CA,"Bonadelle Ranchos CDP, California",0.1351,132292.0,0.1371
CA,"Bonita CDP, California",0.2489,117750.0,0.0919
CA,"Bonny Doon CDP, California",0.2125,163125.0,0.1005
CA,"Bonsall CDP, California",0.2354,110316.0,0.0655
CA,"Boonville CDP, California",0.2964,53510.0,0.1736
CA,"Bootjack CDP, California",0.0989,77589.0,0.0989
CA,"Boron CDP, California",0.1374,61607.0,0.2931
CA,"Boronda CDP, California",0.0125,77639.0,0.0721
CA,"Borrego Springs CDP, California",0.4056,83836.0,0.1287
CA,"Bostonia CDP, California",0.1574,73549.0,0.1251
CA,"Boulder Creek CDP, California",0.227,106842.0,0.0775
CA,"Boulevard CDP, California",0.1335,76513.0,0.0558
CA,"Bowles CDP, California",0.348,138167.0,0.0735
CA,"Boyes Hot Springs CDP, California",0.1885,89568.0,0.0796
CA,"Bradbury city, California",0.2234,158750.0,0.1003
CA,"Brawley city, California",0.1247,60370.0,0.1718
CA,"Brea city, California",0.166,124837.0,0.0818
CA,"Brentwood city, California",0.1512,139567.0,0.1059
CA,"Bret Harte CDP, California",0.0587,42422.0,0.1021
CA,"Bridgeport CDP, California",0.0481,98618.0,0.0348
CA,"Brisbane city, California",0.1554,151593.0,0.1522
CA,"Broadmoor CDP, California",0.1639,161572.0,0.0828
CA,"Brookdale CDP, California",0.2355,88603.0,0.1047
CA,"Brooktrails CDP, California",0.1049,120099.0,0.1509
CA,"Buckhorn CDP, California",0.2521,78510.0,0.1828
CA,"Buellton city, California",0.1299,96028.0,0.0925
CA,"Buena Park city, California",0.1396,108187.0,0.0997
CA,"Buena Vista CDP, California",0.117,88664.0,0.1346
CA,"Burbank CDP, California",0.0802,152559.0,0.101
CA,"Burbank city, California",0.1626,95816.0,0.115
CA,"Burlingame city, California",0.1549,168832.0,0.0724
CA,"Burney CDP, California",0.2924,67097.0,0.1996
CA,"Butte Creek Canyon CDP, California",0.2963,100197.0,0.2107
CA,"Butte Valley CDP, California",0.3828,94531.0,0.1253
CA,"Buttonwillow CDP, California",0.0975,35417.0,0.1079
CA,"Byron CDP, California",0.1402,92813.0,0.2212
CA,"Bystrom CDP, California",0.0679,42212.0,0.137
CA,"Cabazon CDP, California",0.1403,69704.0,0.1383
CA,"Calabasas city, California",0.1796,157938.0,0.0745
CA,"Calexico city, California",0.1613,50021.0,0.1314
CA,"California City city, California",0.1204,55271.0,0.2136
CA,"California Pines CDP, California",0.2368,55583.0,0.2758
CA,"Calimesa city, California",0.2287,90313.0,0.1356
CA,"Calipatria city, California",0.0814,52672.0,0.0562
CA,"Calistoga city, California",0.246,84892.0,0.1204
CA,"Callender CDP, California",0.1596,136458.0,0.106
CA,"Calpella CDP, California",0.1802,103056.0,0.182
CA,"Calwa CDP, California",0.0734,63232.0,0.0902
CA,"Camanche North Shore CDP, California",0.2383,60467.0,0.3181
CA,"Camanche Village CDP, California",0.1205,156480.0,0.0631
CA,"Camarillo city, California",0.2188,109390.0,0.1272
CA,"Cambria CDP, California",0.4452,89049.0,0.1664
CA,"Cambrian Park CDP, California",0.1938,193933.0,0.088
CA,"Cameron Park CDP, California",0.2534,97786.0,0.1376
CA,"Camino CDP, California",0.3526,82098.0,0.1326
CA,"Camino Tassajara CDP, California",0.1257,250001.0,0.0235
CA,"Camp Nelson CDP, California",1.0,63259.0,0.0909
CA,"Camp Pendleton Mainside CDP, California",0.0003,56250.0,0.0048
CA,"Camp Pendleton South CDP, California",0.0,66265.0,0.0476
CA,"Campbell city, California",0.1571,147128.0,0.0948
CA,"Campo CDP, California",0.1588,61538.0,0.1238
CA,"Cantua Creek CDP, California",0.0404,40222.0,0.0808
CA,"Canyon Lake city, California",0.2237,124948.0,0.1336
CA,"Capitola city, California",0.245,96412.0,0.1662
CA,"Carlsbad city, California",0.1839,139326.0,0.0856
CA,"Carmel Valley Village CDP, California",0.3594,164167.0,0.0988
CA,"Carmel-by-the-Sea city, California",0.5869,115729.0,0.1403
CA,"Carmichael CDP, California",0.2067,84376.0,0.15
CA,"Carnelian Bay CDP, California",0.162,196250.0,0.0509
CA,"Carpinteria city, California",0.2179,104233.0,0.0715
CA,"Carson city, California",0.1766,107391.0,0.1276
CA,"Caruthers CDP, California",0.0453,64722.0,0.049
CA,"Casa Conejo CDP, California",0.1227,142708.0,0.097
CA,"Casa Loma CDP, California",0.1629,42813.0,0.1133
CA,"Casa de Oro-Mount Helix CDP, California",0.2173,123037.0,0.1388
CA,"Castaic CDP, California",0.1165,132153.0,0.1146
CA,"Castella CDP, California",0.3449,65556.0,0.1185
CA,"Castle Hill CDP, California",0.1734,250001.0,0.0376
CA,"Castro Valley CDP, California",0.1817,138069.0,0.0866
CA,"Castroville CDP, California",0.1221,90486.0,0.0917
CA,"Cathedral City city, California",0.1903,67031.0,0.1209
CA,"Catheys Valley CDP, California",0.3031,78494.0,0.1192
CA,"Cayucos CDP, California",0.3564,82778.0,0.1518
CA,"Cazadero CDP, California",0.2437,122946.0,0.1287
CA,"Cedar Flat CDP, California",0.3035,124118.0,0.014
CA,"Cedar Ridge CDP, California",0.2551,72180.0,0.1685
CA,"Cedarville CDP, California",0.2688,50804.0,0.1281
CA,"Centerville CDP (Shasta County), California",0.2286,117356.0,0.1298
CA,"Ceres city, California",0.1158,76862.0,0.1133
CA,"Cerritos city, California",0.2529,133953.0,0.0973
CA,"Chalfant CDP, California",0.2508,65156.0,0.2391
CA,"Challenge-Brownsville CDP, California",0.1225,99511.0,0.3384
CA,"Channel Islands Beach CDP, California",0.2023,103219.0,0.0473
CA,"Charter Oak CDP, California",0.1284,84101.0,0.0967
CA,"Cherokee Strip CDP, California",0.0619,29896.0,0.0309
CA,"Cherry Valley CDP, California",0.3268,78125.0,0.1884
CA,"Cherryland CDP, California",0.1398,84858.0,0.135
CA,"Chester CDP, California",0.3294,80142.0,0.1949
CA,"Chico city, California",0.1413,67929.0,0.144
CA,"China Lake Acres CDP, California",0.1292,67438.0,0.1011
CA,"Chino Hills city, California",0.1326,122600.0,0.0701
CA,"Chino city, California",0.1209,103845.0,0.0806
CA,"Chowchilla city, California",0.1061,63308.0,0.0806
CA,"Chualar CDP, California",0.1008,66250.0,0.0451
CA,"Chula Vista city, California",0.1292,105173.0,0.0994
CA,"Citrus CDP, California",0.1147,101179.0,0.121
CA,"Citrus Heights city, California",0.1824,77167.0,0.1467
CA,"Claremont city, California",0.1983,122127.0,0.1112
CA,"Clay CDP, California",0.1645,115313.0,0.1208
CA,"Clayton city, California",0.1583,172226.0,0.0867
CA,"Clear Creek CDP, California",0.2234,48417.0,0.0183
CA,"Clearlake Oaks CDP, California",0.3583,38669.0,0.3114
CA,"Clearlake Riviera CDP, California",0.2055,94167.0,0.198
CA,"Clearlake city, California",0.172,41580.0,0.2121
CA,"Clio CDP, California",0.1132,32625.0,0.1132
CA,"Cloverdale city, California",0.2176,104238.0,0.1062
CA,"Clovis city, California",0.1322,100360.0,0.1096
CA,"Clyde CDP, California",0.2402,118828.0,0.2165
CA,"Coachella city, California",0.0907,67558.0,0.0871
CA,"Coalinga city, California",0.1151,78014.0,0.1325
CA,"Coarsegold CDP, California",0.2595,82574.0,0.2079
CA,"Cobb CDP, California",0.4343,113375.0,0.2177
CA,"Cohasset CDP, California",0.212,80152.0,0.0364
CA,"Cold Springs CDP (El Dorado County), California",0.2324,71523.0,0.1465
CA,"Coleville CDP, California",0.1069,45231.0,0.0
CA,"Colfax city, California",0.1284,74583.0,0.1871
CA,"College City CDP, California",0.2139,64130.0,0.0887
CA,"Collierville CDP, California",0.1367,99792.0,0.1239
CA,"Colma town, California",0.1964,121488.0,0.1048
CA,"Coloma CDP, California",0.086,119189.0,0.0349
CA,"Colton city, California",0.1094,69581.0,0.1184
CA,"Columbia CDP, California",0.3335,57647.0,0.2783
CA,"Colusa city, California",0.1638,68750.0,0.1409
CA,"Commerce city, California",0.1762,71768.0,0.1359
CA,"Compton city, California",0.1058,74270.0,0.1132
CA,"Concord city, California",0.1622,109195.0,0.1243
CA,"Contra Costa Centre CDP, California",0.0689,127910.0,0.0897
CA,"Copperopolis CDP, California",0.2414,107643.0,0.1357
CA,"Corcoran city, California",0.0977,55909.0,0.0845
CA,"Corning city, California",0.1072,55732.0,0.1289
CA,"Corona city, California",0.1174,106438.0,0.0897
CA,"Coronado city, California",0.227,135056.0,0.0947
CA,"Coronita CDP, California",0.1312,106815.0,0.1237
CA,"Corralitos CDP, California",0.3326,165670.0,0.1695
CA,"Corte Madera town, California",0.1826,220771.0,0.0661
CA,"Costa Mesa city, California",0.1296,110073.0,0.0846
CA,"Cotati city, California",0.1489,112841.0,0.109
CA,"Coto de Caza CDP, California",0.1535,232470.0,0.0533
CA,"Cottonwood CDP (Kern County), California",0.0603,40339.0,0.0809
CA,"Cottonwood CDP (Shasta County), California",0.1605,96679.0,0.1499
CA,"Country Club CDP, California",0.1241,79506.0,0.1403
CA,"Courtland CDP, California",0.3428,71972.0,0.2216
CA,"Covelo CDP, California",0.1612,35735.0,0.1425
CA,"Covina city, California",0.1434,94792.0,0.1249
CA,"Cowan CDP, California",0.1046,80101.0,0.0805
CA,"Crescent City city, California",0.1448,41131.0,0.1484
CA,"Cressey CDP, California",0.2792,78333.0,0.1887
CA,"Crest CDP, California",0.1882,100052.0,0.1513
CA,"Crestline CDP, California",0.1964,79378.0,0.1075
CA,"Crockett CDP, California",0.2197,102400.0,0.1082
CA,"Crows Landing CDP, California",0.1373,41667.0,0.0915
CA,"Cudahy city, California",0.0886,52748.0,0.079
CA,"Culver City city, California",0.1778,122312.0,0.0833
CA,"Cupertino city, California",0.1434,231139.0,0.061
CA,"Cutler CDP, California",0.0752,62151.0,0.1109
CA,"Cutten CDP, California",0.2212,93500.0,0.1556
CA,"Cypress city, California",0.157,124167.0,0.0896
CA,"Daly City city, California",0.2009,119570.0,0.0924
CA,"Dana Point city, California",0.2264,127246.0,0.1016
CA,"Danville town, California",0.1922,223206.0,0.0656
CA,"Davenport CDP, California",0.1173,72083.0,0.1676
CA,"Davis city, California",0.14,87421.0,0.0853
CA,"Day Valley CDP, California",0.3304,150256.0,0.0976
CA,"Deer Park CDP, California",0.2757,108261.0,0.0595
CA,"Del Aire CDP, California",0.1527,142566.0,0.1118
CA,"Del Dios CDP, California",0.2997,153083.0,0.084
CA,"Del Mar city, California",0.3267,192845.0,0.099
CA,"Del Monte Forest CDP, California",0.4334,154730.0,0.149
CA,"Del Rey CDP, California",0.1064,57292.0,0.076
CA,"Del Rey Oaks city, California",0.2384,130909.0,0.1183
CA,"Del Rio CDP, California",0.3398,194083.0,0.1606
CA,"Delano city, California",0.0952,61817.0,0.0744
CA,"Delft Colony CDP, California",0.0703,37004.0,0.0674
CA,"Delhi CDP, California",0.0924,66306.0,0.127
CA,"Delleker CDP, California",0.229,53818.0,0.2605
CA,"Denair CDP, California",0.1369,97468.0,0.0779
CA,"Derby Acres CDP, California",0.1791,45893.0,0.1433
CA,"Descanso CDP, California",0.2204,125714.0,0.1323
CA,"Desert Center CDP, California",0.2275,72857.0,0.1437
CA,"Desert Edge CDP, California",0.4692,40089.0,0.1875
CA,"Desert Hot Springs city, California",0.1215,50349.0,0.1285
CA,"Desert Palms CDP, California",0.8642,81954.0,0.3139
CA,"Desert Shores CDP, California",0.2845,37083.0,0.2516
CA,"Desert View Highlands CDP, California",0.1585,68958.0,0.0735
CA,"Di Giorgio CDP, California",0.1232,33281.0,0.0669
CA,"Diablo Grande CDP, California",0.2043,160741.0,0.088
CA,"Diamond Bar city, California",0.2015,106602.0,0.0848
CA,"Diamond Springs CDP, California",0.2424,83288.0,0.1488
CA,"Dillon Beach CDP, California",0.3482,206793.0,0.125
CA,"Dinuba city, California",0.0914,59048.0,0.1009
CA,"Discovery Bay CDP, California",0.1935,154792.0,0.1122
CA,"Dixon Lane-MeadowCreek CDP, California",0.2298,55556.0,0.1704
CA,"Dixon city, California",0.1409,98798.0,0.1325
CA,"Dobbins CDP, California",0.4325,51827.0,0.274
CA,"Dogtown CDP, California",0.1783,126042.0,0.1261
CA,"Dollar Point CDP, California",0.1812,94141.0,0.0933
CA,"Dorrington CDP, California",0.4336,155357.0,0.2539
CA,"Dorris city, California",0.1901,33879.0,0.1568
CA,"Dos Palos Y CDP, California",0.3087,36406.0,0.2478
CA,"Dos Palos city, California",0.2062,50556.0,0.1471
CA,"Douglas City CDP, California",0.241,45938.0,0.1034
CA,"Douglas Flat CDP, California",0.1979,123289.0,0.2139
CA,"Downey city, California",0.1414,87400.0,0.1098
CA,"Downieville CDP, California",0.4253,112000.0,0.3736
CA,"Doyle CDP, California",0.2458,53629.0,0.202
CA,"Duarte city, California",0.2147,97952.0,0.1468
CA,"Dublin city, California",0.0993,205046.0,0.0656
CA,"Ducor CDP, California",0.1075,72083.0,0.133
CA,"Dunnigan CDP, California",0.2968,45050.0,0.3056
CA,"Dunsmuir city, California",0.2745,47708.0,0.2061
CA,"Durham CDP, California",0.218,120778.0,0.1242
CA,"Dustin Acres CDP, California",0.0987,52708.0,0.0557
CA,"Earlimart CDP, California",0.0849,51343.0,0.1091
CA,"East Bakersfield CDP, California",0.0675,36039.0,0.1058
CA,"East Foothills CDP, California",0.1613,188558.0,0.0707
CA,"East Hemet CDP, California",0.1209,80621.0,0.1474
CA,"East Los Angeles CDP, California",0.1109,68378.0,0.1142
CA,"East Nicolaus CDP, California",0.1884,101250.0,0.1812
CA,"East Niles CDP, California",0.0947,51250.0,0.1004
CA,"East Oakdale CDP, California",0.3269,122647.0,0.1381
CA,"East Palo Alto city, California",0.0963,104832.0,0.1023
CA,"East Pasadena CDP, California",0.2141,105714.0,0.0905
CA,"East Porterville CDP, California",0.0974,38482.0,0.1132
CA,"East Quincy CDP, California",0.192,71591.0,0.2238
CA,"East Rancho Dominguez CDP, California",0.0984,67645.0,0.1261
CA,"East Richmond Heights CDP, California",0.2431,126042.0,0.0921
CA,"East San Gabriel CDP, California",0.1783,107184.0,0.0888
CA,"East Sonora CDP, California",0.4506,85461.0,0.277
CA,"East Tulare Villa CDP, California",0.1789,80294.0,0.1623
CA,"East Whittier CDP, California",0.1558,105104.0,0.1007
CA,"Eastern Goleta Valley CDP, California",0.2312,136839.0,0.1015
CA,"Easton CDP, California",0.1097,92446.0,0.1143
CA,"Eastvale city, California",0.086,161322.0,0.0667
CA,"Edison CDP, California",0.0488,100689.0,0.0558
CA,"Edmundson Acres CDP, California",0.1321,61875.0,0.1283
CA,"Edna CDP, California",0.1667,163608.0,0.0
CA,"Edwards AFB CDP, California",0.0,92120.0,0.0292
CA,"El Adobe CDP, California",0.0679,51719.0,0.0
CA,"El Cajon city, California",0.137,66478.0,0.1466
CA,"El Centro Naval Air Facility CDP, California",0.0,59500.0,0.0402
CA,"El Centro city, California",0.1327,56093.0,0.1497
CA,"El Cerrito CDP, California",0.1215,122472.0,0.123
CA,"El Cerrito city, California",0.1988,127475.0,0.0842
CA,"El Dorado Hills CDP, California",0.2007,163544.0,0.0831
CA,"El Granada CDP, California",0.2024,226384.0,0.0581
CA,"El Macero CDP, California",0.3904,219821.0,0.155
CA,"El Monte city, California",0.1538,64484.0,0.1196
CA,"El Nido CDP, California",0.0922,56250.0,0.0691
CA,"El Paso de Robles (Paso Robles) city, California",0.1963,93098.0,0.1308
CA,"El Portal CDP, California",0.0637,53509.0,0.1853
CA,"El Rio CDP, California",0.1264,83233.0,0.1257
CA,"El Segundo city, California",0.1335,149149.0,0.085
CA,"El Sobrante CDP (Contra Costa County), California",0.1917,112622.0,0.1159
CA,"El Sobrante CDP (Riverside County), California",0.1145,160331.0,0.0686
CA,"El Verano CDP, California",0.2435,119527.0,0.2036
CA,"Eldridge CDP, California",0.2069,111983.0,0.0941
CA,"Elizabeth Lake CDP, California",0.192,102333.0,0.1228
CA,"Elk Grove city, California",0.1344,122229.0,0.1004
CA,"Elkhorn CDP, California",0.1923,124464.0,0.0733
CA,"Elmira CDP, California",0.1774,103476.0,0.0
CA,"Elverta CDP, California",0.1973,91563.0,0.162
CA,"Emerald Lake Hills CDP, California",0.1968,250001.0,0.048
CA,"Emeryville city, California",0.1205,120302.0,0.088
CA,"Empire CDP, California",0.1546,48990.0,0.1758
CA,"Encinitas city, California",0.2036,150471.0,0.0821
CA,"Escalon city, California",0.1754,86875.0,0.0773
CA,"Escondido city, California",0.1419,84477.0,0.1256
CA,"Esparto CDP, California",0.1066,104706.0,0.1132
CA,"Etna city, California",0.2439,60313.0,0.1769
CA,"Eucalyptus Hills CDP, California",0.1585,137580.0,0.1509
CA,"Eureka city, California",0.1588,60253.0,0.2059
CA,"Exeter city, California",0.128,71198.0,0.1432
CA,"Fair Oaks CDP, California",0.255,111332.0,0.131
CA,"Fairbanks Ranch CDP, California",0.1897,250001.0,0.1274
CA,"Fairfax CDP, California",0.0913,50326.0,0.1499
CA,"Fairfax town, California",0.2112,131875.0,0.1032
CA,"Fairfield city, California",0.1454,102321.0,0.1247
CA,"Fairhaven CDP, California",0.2166,79453.0,0.293
CA,"Fairmead CDP, California",0.092,44375.0,0.1251
CA,"Fairview CDP, California",0.2148,148801.0,0.1142
CA,"Fallbrook CDP, California",0.1707,87293.0,0.1002
CA,"Farmersville city, California",0.0868,57832.0,0.1179
CA,"Felton CDP, California",0.1962,117375.0,0.0769
CA,"Ferndale city, California",0.3469,62090.0,0.2197
CA,"Fetters Hot Springs-Agua Caliente CDP, California",0.1354,116667.0,0.0695
CA,"Fieldbrook CDP, California",0.2763,85833.0,0.1427
CA,"Fields Landing CDP, California",0.0273,76116.0,0.3301
CA,"Fillmore city, California",0.1398,90343.0,0.1625
CA,"Firebaugh city, California",0.1232,47594.0,0.0984
CA,"Florence-Graham CDP, California",0.0856,61216.0,0.1031
CA,"Florin CDP, California",0.144,66323.0,0.1498
CA,"Folsom city, California",0.1366,139263.0,0.0795
CA,"Fontana city, California",0.0938,98187.0,0.0907
CA,"Foothill Farms CDP, California",0.108,68042.0,0.145
CA,"Forbestown CDP, California",0.0,69583.0,0.5382
CA,"Ford City CDP, California",0.0777,45976.0,0.0803
CA,"Forest Meadows CDP, California",0.3253,88250.0,0.0559
CA,"Forest Ranch CDP, California",0.1717,154212.0,0.0385
CA,"Foresthill CDP, California",0.0729,102632.0,0.3251
CA,"Forestville CDP, California",0.226,105139.0,0.1295
CA,"Fort Bidwell CDP, California",0.343,36750.0,0.157
CA,"Fort Bragg city, California",0.2577,53580.0,0.2041
CA,"Fort Dick CDP, California",0.315,76204.0,0.2765
CA,"Fort Irwin CDP, California",0.0,66964.0,0.0204
CA,"Fort Jones city, California",0.1851,43438.0,0.1916
CA,"Fortuna city, California",0.1645,61603.0,0.1865
CA,"Foster City city, California",0.1781,193633.0,0.0886
CA,"Fountain Valley city, California",0.2029,111797.0,0.0986
CA,"Fowler city, California",0.1255,61071.0,0.1029
CA,"Franklin CDP (Merced County), California",0.1332,56274.0,0.1674
CA,"Franklin CDP (Sacramento County), California",0.0653,153018.0,0.1714
CA,"Frazier Park CDP, California",0.1662,40839.0,0.2326
CA,"Freedom CDP, California",0.1345,139722.0,0.0788
CA,"Fremont city, California",0.1357,176350.0,0.0692
CA,"French Camp CDP, California",0.0905,93523.0,0.0603
CA,"French Gulch CDP, California",0.3439,32188.0,0.181
CA,"French Valley CDP, California",0.1004,132605.0,0.0956
CA,"Fresno city, California",0.1211,66804.0,0.1409
CA,"Friant CDP, California",0.2698,51765.0,0.2534
CA,"Fruitdale CDP, California",0.1372,128750.0,0.0715
CA,"Fruitridge Pocket CDP, California",0.144,51350.0,0.1767
CA,"Fuller Acres CDP, California",0.141,41429.0,0.1453
CA,"Fullerton city, California",0.1451,104219.0,0.0865
CA,"Fulton CDP, California",0.3673,166336.0,0.1617
CA,"Galt city, California",0.1466,86327.0,0.132
CA,"Garberville CDP, California",0.146,37760.0,0.1505
CA,"Garden Acres CDP, California",0.0964,62895.0,0.1405
CA,"Garden Grove city, California",0.1474,90166.0,0.1112
CA,"Gardena city, California",0.1699,79291.0,0.1248
CA,"Garnet CDP, California",0.1271,63082.0,0.1248
CA,"Gasquet CDP, California",0.3648,46620.0,0.5536
CA,"Gazelle CDP, California",0.4038,39583.0,0.1635
CA,"Georgetown CDP, California",0.4446,90381.0,0.2337
CA,"Gerber CDP, California",0.2281,30694.0,0.1563
CA,"Geyserville CDP, California",0.3602,107500.0,0.1602
CA,"Gilroy city, California",0.1239,131554.0,0.0931
CA,"Glen Ellen CDP, California",0.167,213261.0,0.0498
CA,"Glencoe CDP, California",0.1622,69348.0,0.1922
CA,"Glendale city, California",0.1892,84262.0,0.1272
CA,"Glendora city, California",0.1687,111915.0,0.1111
CA,"Gold River CDP, California",0.3347,166250.0,0.1442
CA,"Golden Hills CDP, California",0.2065,94654.0,0.1494
CA,"Goleta city, California",0.1496,118039.0,0.0833
CA,"Gonzales city, California",0.0711,76060.0,0.0375
CA,"Good Hope CDP, California",0.1033,56328.0,0.1606
CA,"Goodmanville CDP, California",0.3472,149120.0,0.1917
CA,"Goshen CDP, California",0.0768,72813.0,0.1181
CA,"Graeagle CDP, California",0.7462,65000.0,0.2932
CA,"Grand Terrace city, California",0.1738,83668.0,0.1022
CA,"Granite Bay CDP, California",0.2254,190000.0,0.0811
CA,"Granite Hills CDP, California",0.1552,149938.0,0.0864
CA,"Grass Valley city, California",0.2997,48850.0,0.2217
CA,"Graton CDP, California",0.1814,108750.0,0.0627
CA,"Grayson CDP, California",0.1143,87961.0,0.0773
CA,"Green Acres CDP, California",0.1011,71609.0,0.0918
CA,"Green Valley CDP (Los Angeles County), California",0.2005,85208.0,0.1163
CA,"Green Valley CDP (Solano County), California",0.3631,114500.0,0.2377
CA,"Greenacres CDP, California",0.2004,81369.0,0.1279
CA,"Greenfield CDP, California",0.12,71930.0,0.1
CA,"Greenfield city, California",0.089,78946.0,0.0655
CA,"Grenada CDP, California",0.342,58571.0,0.1429
CA,"Gridley city, California",0.1399,57860.0,0.1777
CA,"Grimes CDP, California",0.1644,47566.0,0.2507
CA,"Grizzly Flats CDP, California",0.1276,89705.0,0.0613
CA,"Groveland CDP, California",0.4022,60972.0,0.4441
CA,"Grover Beach city, California",0.1781,82534.0,0.1818
CA,"Guadalupe city, California",0.0812,71048.0,0.0742
CA,"Guerneville CDP, California",0.2536,84294.0,0.1986
CA,"Guinda CDP, California",0.4313,173672.0,0.187
CA,"Gustine city, California",0.1728,58321.0,0.2138
CA,"Hacienda Heights CDP, California",0.2057,106620.0,0.0842
CA,"Half Moon Bay city, California",0.2184,153199.0,0.0995
CA,"Hamilton Branch CDP, California",0.2401,106591.0,0.1468
CA,"Hamilton City CDP, California",0.1333,70665.0,0.1725
CA,"Hanford city, California",0.1282,73544.0,0.1301
CA,"Happy Camp CDP, California",0.3362,32353.0,0.2534
CA,"Happy Valley CDP, California",0.2387,80578.0,0.1335
CA,"Harbison Canyon CDP, California",0.1602,121007.0,0.135
CA,"Harmony Grove CDP, California",0.0431,217917.0,0.0548
CA,"Hartley CDP, California",0.2482,120354.0,0.1724
CA,"Hasley Canyon CDP, California",0.1691,120714.0,0.0957
CA,"Hathaway Pines CDP, California",0.5049,48705.0,0.5931
CA,"Hawaiian Gardens city, California",0.143,76025.0,0.0999
CA,"Hawthorne city, California",0.0965,72719.0,0.0986
CA,"Hayfork CDP, California",0.2864,45918.0,0.2301
CA,"Hayward city, California",0.133,113775.0,0.1014
CA,"Healdsburg city, California",0.2366,100082.0,0.0975
CA,"Heber CDP, California",0.1115,75664.0,0.0989
CA,"Hemet city, California",0.2181,53623.0,0.2036
CA,"Herald CDP, California",0.3645,91429.0,0.3058
CA,"Hercules city, California",0.1871,130583.0,0.1012
CA,"Herlong CDP, California",0.1185,55938.0,0.2736
CA,"Hermosa Beach city, California",0.1418,152019.0,0.0578
CA,"Hesperia city, California",0.1069,68971.0,0.1288
CA,"Hickman CDP, California",0.1535,88906.0,0.1268
CA,"Hidden Hills city, California",0.1688,250001.0,0.102
CA,"Hidden Meadows CDP, California",0.3591,119394.0,0.1454
CA,"Hidden Valley Lake CDP, California",0.3017,72365.0,0.1917
CA,"Highgrove CDP, California",0.0692,109657.0,0.0638
CA,"Highland city, California",0.1179,77979.0,0.1295
CA,"Highlands CDP, California",0.1882,250001.0,0.0844
CA,"Hillcrest CDP, California",0.1066,44954.0,0.1155
CA,"Hillsborough town, California",0.1993,250001.0,0.0486
CA,"Hilmar-Irwin CDP, California",0.1602,76492.0,0.1577
CA,"Hollister city, California",0.1066,101979.0,0.101
CA,"Holtville city, California",0.1861,63438.0,0.1361
CA,"Home Garden CDP, California",0.092,52823.0,0.176
CA,"Home Gardens CDP, California",0.139,92344.0,0.1331
CA,"Homeland CDP, California",0.1944,54863.0,0.1467
CA,"Homestead Valley CDP, California",0.2673,39954.0,0.3878
CA,"Honcut CDP, California",0.0525,168068.0,0.4315
CA,"Hoopa CDP, California",0.1939,53333.0,0.2779
CA,"Hopland CDP, California",0.1977,80298.0,0.1035
CA,"Hornbrook CDP, California",0.1935,33750.0,0.1672
CA,"Hughson city, California",0.1729,92303.0,0.1219
CA,"Humboldt Hill CDP, California",0.2224,85438.0,0.1467
CA,"Huntington Beach city, California",0.1908,119885.0,0.1037
CA,"Huntington Park city, California",0.1142,56952.0,0.1066
CA,"Huron city, California",0.031,44784.0,0.0928
CA,"Hydesville CDP, California",0.2378,85179.0,0.1713
CA,"Idyllwild-Pine Cove CDP, California",0.2653,83205.0,0.1651
CA,"Igo CDP, California",0.1468,123625.0,0.1468
CA,"Imperial Beach city, California",0.1211,79071.0,0.1199
CA,"Imperial city, California",0.1,83214.0,0.1403
CA,"Independence CDP, California",0.2674,64063.0,0.2309
CA,"Indian Wells city, California",0.5607,145313.0,0.1505
CA,"Indio Hills CDP, California",0.2212,48988.0,0.1665
CA,"Indio city, California",0.191,78709.0,0.1167
CA,"Industry city, California",0.2928,62500.0,0.0331
CA,"Inglewood city, California",0.1362,71029.0,0.1413
CA,"Interlaken CDP, California",0.1389,111021.0,0.0791
CA,"Inverness CDP, California",0.5122,78199.0,0.2328
CA,"Inyokern CDP, California",0.118,68373.0,0.237
CA,"Ione city, California",0.1855,78661.0,0.0831
CA,"Iron Horse CDP, California",0.3426,56066.0,0.3426
CA,"Irvine city, California",0.1052,129647.0,0.0608
CA,"Irwindale city, California",0.1716,113250.0,0.1198
CA,"Isla Vista CDP, California",0.0236,24428.0,0.0789
CA,"Isleton city, California",0.171,59250.0,0.1972
CA,"Ivanhoe CDP, California",0.1164,55108.0,0.1751
CA,"Jackson city, California",0.3383,75051.0,0.2284
CA,"Jacumba CDP, California",0.1545,51044.0,0.3818
CA,"Jamestown CDP, California",0.2629,51886.0,0.224
CA,"Jamul CDP, California",0.2462,148740.0,0.1552
CA,"Janesville CDP, California",0.2407,70938.0,0.2579
CA,"Johnson Park CDP, California",0.22,44015.0,0.3059
CA,"Johnstonville CDP, California",0.2017,98188.0,0.1375
CA,"Jones Valley CDP, California",0.1592,91471.0,0.179
CA,"Joshua Tree CDP, California",0.1855,64036.0,0.2017
CA,"Julian CDP, California",0.4085,75179.0,0.0865
CA,"Junction City CDP, California",0.2196,62669.0,0.167
CA,"June Lake CDP, California",0.3301,40703.0,0.0
CA,"Jurupa Valley city, California",0.1129,96190.0,0.0967
CA,"Kelly Ridge CDP, California",0.4073,56230.0,0.2585
CA,"Kelseyville CDP, California",0.1082,43475.0,0.1111
CA,"Kennedy CDP, California",0.1001,58859.0,0.1791
CA,"Kensington CDP, California",0.2343,209137.0,0.061
CA,"Kentfield CDP, California",0.2336,231875.0,0.0714
CA,"Kenwood CDP, California",0.2827,125221.0,0.076
CA,"Kerman city, California",0.0958,57556.0,0.1182
CA,"Kernville CDP, California",0.5756,49489.0,0.1686
CA,"Keswick CDP, California",0.3743,35114.0,0.0468
CA,"Kettleman City CDP, California",0.079,48920.0,0.0501
CA,"Keyes CDP, California",0.1071,59338.0,0.0974
CA,"King City city, California",0.0988,63090.0,0.0762
CA,"Kings Beach CDP, California",0.1484,53964.0,0.0774
CA,"Kingsburg city, California",0.1986,82562.0,0.1454
CA,"Kirkwood CDP, California",0.1429,145341.0,0.069
CA,"Klamath CDP, California",0.2782,48250.0,0.2488
CA,"Knights Landing CDP, California",0.1321,47328.0,0.1797
CA,"Knightsen CDP, California",0.1338,173564.0,0.1462
CA,"La Cañada Flintridge city, California",0.1979,221451.0,0.0578
CA,"La Crescenta-Montrose CDP, California",0.1924,119775.0,0.0991
CA,"La Cresta CDP, California",0.1326,49836.0,0.0932
CA,"La Habra Heights city, California",0.24,186837.0,0.0611
CA,"La Habra city, California",0.1475,98158.0,0.12
CA,"La Honda CDP, California",0.2569,250001.0,0.0475
CA,"La Mesa city, California",0.156,84337.0,0.1197
CA,"La Mirada city, California",0.2017,110177.0,0.1055
CA,"La Palma city, California",0.2109,115833.0,0.1012
CA,"La Presa CDP, California",0.1416,88479.0,0.1273
CA,"La Puente city, California",0.1264,84811.0,0.0992
CA,"La Quinta city, California",0.3105,97628.0,0.1091
CA,"La Riviera CDP, California",0.1295,91111.0,0.1321
CA,"La Selva Beach CDP, California",0.2572,159094.0,0.1163
CA,"La Verne city, California",0.2414,104565.0,0.1471
CA,"Ladera CDP, California",0.4241,250001.0,0.0431
CA,"Ladera Heights CDP, California",0.2044,153403.0,0.0479
CA,"Ladera Ranch CDP, California",0.0737,184257.0,0.0563
CA,"Lafayette city, California",0.2004,222393.0,0.069
CA,"Laguna Beach city, California",0.2781,140508.0,0.0957
CA,"Laguna Hills city, California",0.203,122778.0,0.1079
CA,"Laguna Niguel city, California",0.2102,140605.0,0.0816
CA,"Laguna Woods city, California",0.83,60235.0,0.2955
CA,"Lagunitas-Forest Knolls CDP, California",0.2836,128656.0,0.1237
CA,"Lake Almanor Country Club CDP, California",0.4631,71042.0,0.2011
CA,"Lake Almanor Peninsula CDP, California",0.5245,75972.0,0.2943
CA,"Lake Almanor West CDP, California",0.6414,178611.0,0.2016
CA,"Lake Arrowhead CDP, California",0.2378,88147.0,0.1218
CA,"Lake California CDP, California",0.1942,95278.0,0.1141
CA,"Lake Don Pedro CDP, California",0.3794,84659.0,0.2506
CA,"Lake Elsinore city, California",0.093,96527.0,0.1025
CA,"Lake Forest city, California",0.1501,131378.0,0.0872
CA,"Lake Hughes CDP, California",0.264,110438.0,0.0663
CA,"Lake Isabella CDP, California",0.2011,26763.0,0.1724
CA,"Lake Los Angeles CDP, California",0.1064,60999.0,0.1177
CA,"Lake Mathews CDP, California",0.1812,102700.0,0.1631
CA,"Lake Nacimiento CDP, California",0.1911,85000.0,0.1212
CA,"Lake Riverside CDP, California",0.2332,122833.0,0.2166
CA,"Lake San Marcos CDP, California",0.4061,100676.0,0.1663
CA,"Lake Shastina CDP, California",0.2576,77645.0,0.1489
CA,"Lake Sherwood CDP, California",0.262,244239.0,0.0389
CA,"Lake Wildwood CDP, California",0.397,87552.0,0.1154
CA,"Lake of the Pines CDP, California",0.3071,118661.0,0.1415
CA,"Lake of the Woods CDP, California",0.1897,48958.0,0.3074
CA,"Lakehead CDP, California",0.4417,41684.0,0.5182
CA,"Lakeland Village CDP, California",0.0992,83371.0,0.1253
CA,"Lakeport city, California",0.2505,59294.0,0.198
CA,"Lakeside CDP (San Diego County), California",0.2076,94877.0,0.1588
CA,"Lakeview CDP, California",0.1626,63750.0,0.1102
CA,"Lakewood city, California",0.1454,116794.0,0.0973
CA,"Lamont CDP, California",0.1023,34436.0,0.1024
CA,"Lanare CDP, California",0.0,68952.0,0.0373
CA,"Lancaster city, California",0.1197,76083.0,0.1157
CA,"Larkfield-Wikiup CDP, California",0.2127,94889.0,0.1188
CA,"Larkspur city, California",0.2401,134744.0,0.1062
CA,"Las Flores CDP (Orange County), California",0.0521,196250.0,0.0443
CA,"Las Flores CDP (Tehama County), California",0.5072,50982.0,0.2826
CA,"Las Lomas CDP, California",0.1083,78869.0,0.108
CA,"Lathrop city, California",0.1032,118605.0,0.0908
CA,"Laton CDP, California",0.1225,71926.0,0.1607
CA,"Lawndale city, California",0.0996,83538.0,0.0766
CA,"Laytonville CDP, California",0.2076,35798.0,0.331
CA,"Le Grand CDP, California",0.0688,53750.0,0.106
CA,"Lee Vining CDP, California",0.0,129407.0,0.0
CA,"Lemon Cove CDP, California",0.2222,58869.0,0.2109
CA,"Lemon Grove city, California",0.1487,79278.0,0.1358
CA,"Lemon Hill CDP, California",0.0976,49441.0,0.1585
CA,"Lemoore Station CDP, California",0.0012,65781.0,0.0431
CA,"Lemoore city, California",0.1081,82189.0,0.1164
CA,"Lennox CDP, California",0.0987,60307.0,0.1098
CA,"Lenwood CDP, California",0.1718,70714.0,0.1958
CA,"Leona Valley CDP, California",0.2617,134625.0,0.1809
CA,"Lewiston CDP, California",0.1052,58125.0,0.0801
CA,"Lexington Hills CDP, California",0.0753,245000.0,0.0763
CA,"Lincoln Village CDP, California",0.2122,88305.0,0.155
CA,"Lincoln city, California",0.2717,108108.0,0.1337
CA,"Linda CDP, California",0.0909,69161.0,0.1757
CA,"Lindcove CDP, California",0.0583,52292.0,0.0807
CA,"Linden CDP, California",0.1915,123378.0,0.1808
CA,"Lindsay city, California",0.1159,50563.0,0.1433
CA,"Linnell Camp CDP, California",0.0,35841.0,0.0
CA,"Live Oak CDP, California",0.2016,107500.0,0.114
CA,"Live Oak city, California",0.1771,66590.0,0.1875
CA,"Livermore city, California",0.1478,153602.0,0.0873
CA,"Livingston city, California",0.0954,76158.0,0.1174
CA,"Lockeford CDP, California",0.2637,93438.0,0.0718
CA,"Lockwood CDP (Amador County), California",0.3121,182550.0,0.1376
CA,"Lockwood CDP (Monterey County), California",0.2746,95893.0,0.0
CA,"Lodi city, California",0.1543,84402.0,0.1296
CA,"Loleta CDP, California",0.1738,58438.0,0.2683
CA,"Loma Linda city, California",0.1742,82824.0,0.1355
CA,"Loma Mar CDP, California",0.3448,250001.0,0.0345
CA,"Loma Rica CDP, California",0.3593,98935.0,0.1329
CA,"Lomita city, California",0.1805,92920.0,0.0908
CA,"Lompico CDP, California",0.3193,87604.0,0.1582
CA,"Lompoc city, California",0.125,70038.0,0.1296
CA,"London CDP, California",0.02,48618.0,0.0547
CA,"Lone Pine CDP, California",0.2484,49063.0,0.2287
CA,"Long Beach city, California",0.1324,83969.0,0.1134
CA,"Loomis town, California",0.2102,103435.0,0.0815
CA,"Los Alamitos city, California",0.1391,98539.0,0.0928
CA,"Los Alamos CDP, California",0.6129,53673.0,0.2472
CA,"Los Altos Hills town, California",0.314,250001.0,0.1057
CA,"Los Altos city, California",0.208,250001.0,0.0711
CA,"Los Angeles city, California",0.1382,80366.0,0.1106
CA,"Los Banos city, California",0.1184,70893.0,0.1026
CA,"Los Berros CDP, California",0.4593,250001.0,0.314
CA,"Los Gatos town, California",0.2008,207891.0,0.0755
CA,"Los Molinos CDP, California",0.1572,34324.0,0.205
CA,"Los Olivos CDP, California",0.312,140968.0,0.1906
CA,"Los Osos CDP, California",0.2654,103504.0,0.1342
CA,"Los Ranchos CDP, California",0.3182,146667.0,0.1407
CA,"Lost Hills CDP, California",0.0564,42333.0,0.043
CA,"Loyalton city, California",0.3108,65694.0,0.1084
CA,"Loyola CDP, California",0.24,250001.0,0.0561
CA,"Lucas Valley-Marinwood CDP, California",0.2734,200938.0,0.1177
CA,"Lucerne CDP, California",0.2465,47460.0,0.2915
CA,"Lucerne Valley CDP, California",0.1739,50330.0,0.217
CA,"Lynwood city, California",0.0928,70236.0,0.0904
CA,"Lytle Creek CDP, California",0.2704,74000.0,0.2857
CA,"Madera Acres CDP, California",0.1427,76033.0,0.1688
CA,"Madera Ranchos CDP, California",0.2152,113472.0,0.1408
CA,"Madera city, California",0.0949,63619.0,0.1337
CA,"Magalia CDP, California",0.2076,60625.0,0.2261
CA,"Malaga CDP, California",0.075,63750.0,0.0981
CA,"Malibu city, California",0.2854,192159.0,0.0589
CA,"Mammoth Lakes town, California",0.1167,87121.0,0.0715
CA,"Manchester CDP, California",0.094,60873.0,0.0
CA,"Manhattan Beach city, California",0.1638,193904.0,0.0701
CA,"Manila CDP, California",0.1538,58950.0,0.1441
CA,"Manteca city, California",0.1361,94718.0,0.1226
CA,"Manton CDP, California",0.2659,132535.0,0.1067
CA,"March ARB CDP, California",0.3405,81250.0,0.2094
CA,"Maricopa city, California",0.1901,38676.0,0.1685
CA,"Marin City CDP, California",0.1902,73077.0,0.0823
CA,"Marina city, California",0.1469,88518.0,0.1299
CA,"Marina del Rey CDP, California",0.0615,142440.0,0.0859
CA,"Mariposa CDP, California",0.3319,52661.0,0.2612
CA,"Markleeville CDP, California",0.3708,97321.0,0.1517
CA,"Martell CDP, California",0.2953,156094.0,0.2694
CA,"Martinez city, California",0.1762,125436.0,0.1282
CA,"Marysville city, California",0.1284,58150.0,0.194
CA,"Matheny CDP, California",0.1513,68269.0,0.1354
CA,"Mather CDP, California",0.0952,140941.0,0.0649
CA,"Maxwell CDP, California",0.0954,64286.0,0.075
CA,"Mayfair CDP, California",0.092,59638.0,0.1318
CA,"Mayflower Village CDP, California",0.2682,95521.0,0.1725
CA,"Maywood city, California",0.1076,61655.0,0.0882
CA,"McClellan Park CDP, California",0.0186,24866.0,0.0751
CA,"McCloud CDP, California",0.4248,39519.0,0.2687
CA,"McFarland city, California",0.0721,51801.0,0.0719
CA,"McKinleyville CDP, California",0.1785,66096.0,0.1718
CA,"McSwain CDP, California",0.1254,140173.0,0.0774
CA,"Mead Valley CDP, California",0.0896,90358.0,0.1219
CA,"Meadow Valley CDP, California",0.403,63074.0,0.2623
CA,"Meadow Vista CDP, California",0.3147,95998.0,0.1056
CA,"Meadowbrook CDP, California",0.0947,58250.0,0.1205
CA,"Mecca CDP, California",0.1194,45011.0,0.1318
CA,"Meiners Oaks CDP, California",0.2877,90096.0,0.1601
CA,"Mendocino CDP, California",0.5952,67115.0,0.0952
CA,"Mendota city, California",0.0765,46458.0,0.0705
CA,"Menifee city, California",0.1772,89183.0,0.137
CA,"Menlo Park city, California",0.1517,206588.0,0.0874
CA,"Mentone CDP, California",0.1309,70466.0,0.1262
CA,"Merced city, California",0.0976,59938.0,0.1385
CA,"Meridian CDP, California",0.0984,61023.0,0.3342
CA,"Mesa CDP, California",0.2318,135667.0,0.1006
CA,"Mesa Verde CDP, California",0.0624,48523.0,0.0468
CA,"Mesa Vista CDP, California",0.2889,114063.0,0.0095
CA,"Mettler CDP, California",0.146,87875.0,0.0
CA,"Mexican Colony CDP, California",0.0276,53715.0,0.0507
CA,"Meyers CDP, California",0.1792,101464.0,0.0287
CA,"Mi-Wuk Village CDP, California",0.3472,132870.0,0.0861
CA,"Middletown CDP, California",0.1254,170605.0,0.1404
CA,"Midpines CDP, California",0.6328,65074.0,0.5367
CA,"Midway City CDP, California",0.1637,64735.0,0.1542
CA,"Mill Valley city, California",0.2186,208466.0,0.0781
CA,"Millbrae city, California",0.2101,157567.0,0.0957
CA,"Millerton CDP, California",0.0329,179779.0,0.0493
CA,"Millville CDP, California",0.2766,113750.0,0.0766
CA,"Milpitas city, California",0.1311,176822.0,0.0803
CA,"Mineral CDP, California",0.1963,85455.0,0.1963
CA,"Minkler CDP, California",0.2695,63947.0,0.1697
CA,"Mira Monte CDP, California",0.3091,77900.0,0.1544
CA,"Mission Canyon CDP, California",0.2304,211375.0,0.0571
CA,"Mission Hills CDP, California",0.1637,106455.0,0.1608
CA,"Mission Viejo city, California",0.2238,136071.0,0.0983
CA,"Modesto city, California",0.1438,77899.0,0.1351
CA,"Modjeska CDP, California",0.1911,131750.0,0.0517
CA,"Mojave CDP, California",0.1051,50800.0,0.2202
CA,"Mokelumne Hill CDP, California",0.1764,86480.0,0.1306
CA,"Monmouth CDP, California",0.1071,40673.0,0.0655
CA,"Mono City CDP, California",0.6386,105466.0,0.1747
CA,"Mono Vista CDP, California",0.1694,70353.0,0.178
CA,"Monrovia city, California",0.1395,97083.0,0.0886
CA,"Monson CDP, California",0.0686,61063.0,0.1176
CA,"Montague city, California",0.1783,55096.0,0.2032
CA,"Montalvin Manor CDP, California",0.2938,73333.0,0.1659
CA,"Montara CDP, California",0.331,201367.0,0.1788
CA,"Montclair city, California",0.1212,76338.0,0.1137
CA,"Monte Rio CDP, California",0.4301,48922.0,0.2392
CA,"Monte Sereno city, California",0.3062,250001.0,0.0911
CA,"Montebello city, California",0.1737,74955.0,0.1247
CA,"Montecito CDP, California",0.3356,222966.0,0.0852
CA,"Monterey Park city, California",0.2245,77605.0,0.1095
CA,"Monterey city, California",0.1971,104110.0,0.0941
CA,"Montgomery Creek CDP, California",0.4537,36563.0,0.1366
CA,"Monument Hills CDP, California",0.2193,240833.0,0.0713
CA,"Moorpark city, California",0.1401,149403.0,0.0952
CA,"Morada CDP, California",0.2811,94464.0,0.157
CA,"Moraga town, California",0.2078,199800.0,0.0688
CA,"Moreno Valley city, California",0.0963,87477.0,0.105
CA,"Morgan Hill city, California",0.1419,159758.0,0.0962
CA,"Morongo Valley CDP, California",0.1769,56821.0,0.1697
CA,"Morro Bay city, California",0.3088,92553.0,0.1678
CA,"Moskowite Corner CDP, California",0.0956,141736.0,0.2279
CA,"Moss Beach CDP, California",0.193,128333.0,0.0836
CA,"Mount Hebron CDP, California",0.0,80250.0,0.0
CA,"Mount Hermon CDP, California",0.2244,161821.0,0.0673
CA,"Mount Shasta city, California",0.3448,48157.0,0.1431
CA,"Mountain Gate CDP, California",0.2294,26655.0,0.2307
CA,"Mountain House CDP, California",0.0687,171675.0,0.051
CA,"Mountain Meadows CDP, California",0.3009,250001.0,0.0973
CA,"Mountain Mesa CDP, California",0.6457,60231.0,0.2521
CA,"Mountain Ranch CDP, California",0.1419,160837.0,0.0516
CA,"Mountain View Acres CDP, California",0.1385,70179.0,0.1772
CA,"Mountain View CDP, California",0.138,84818.0,0.2201
CA,"Mountain View city, California",0.1165,179917.0,0.0664
CA,"Muir Beach CDP, California",0.3559,157500.0,0.015
CA,"Murphys CDP, California",0.4662,54875.0,0.2773
CA,"Murrieta city, California",0.1248,109780.0,0.1038
CA,"Muscoy CDP, California",0.1006,57726.0,0.1201
CA,"Myrtletown CDP, California",0.2353,55543.0,0.1702
CA,"Napa city, California",0.1928,102231.0,0.131
CA,"National City city, California",0.153,64248.0,0.1244
CA,"Needles city, California",0.2304,39876.0,0.3853
CA,"Nevada City city, California",0.3823,69552.0,0.065
CA,"New Cuyama CDP, California",0.2804,58158.0,0.1845
CA,"Newark city, California",0.1302,164909.0,0.0876
CA,"Newcastle CDP, California",0.2829,110446.0,0.1832
CA,"Newell CDP, California",0.055,35446.0,0.1344
CA,"Newman city, California",0.1057,75344.0,0.1284
CA,"Newport Beach city, California",0.2338,158461.0,0.0826
CA,"Nicasio CDP, California",0.177,236250.0,0.0531
CA,"Nice CDP, California",0.2865,70274.0,0.294
CA,"Nipinnawasee CDP, California",0.1743,74488.0,0.1079
CA,"Nipomo CDP, California",0.1842,102382.0,0.1385
CA,"Norco city, California",0.1633,125117.0,0.1057
CA,"Nord CDP, California",0.4766,66360.0,0.0935
CA,"Norris Canyon CDP, California",0.1761,237813.0,0.0532
CA,"North Auburn CDP, California",0.2566,72125.0,0.1352
CA,"North Edwards CDP, California",0.0946,35469.0,0.2601
CA,"North El Monte CDP, California",0.1592,105590.0,0.1426
CA,"North Fair Oaks CDP, California",0.1217,106690.0,0.118
CA,"North Fork CDP, California",0.3761,68304.0,0.2066
CA,"North Gate CDP, California",0.3811,204024.0,0.1127
CA,"North Highlands CDP, California",0.1215,65090.0,0.1246
CA,"North Lakeport CDP, California",0.3077,64200.0,0.1822
CA,"North Richmond CDP, California",0.1055,82926.0,0.0935
CA,"North Shore CDP, California",0.0676,43208.0,0.0294
CA,"North Tustin CDP, California",0.2112,186250.0,0.0878
CA,"Norwalk city, California",0.1358,98709.0,0.1055
CA,"Novato city, California",0.2395,112193.0,0.1152
CA,"Nuevo CDP, California",0.0938,92443.0,0.0764
CA,"Oak Glen CDP, California",0.4031,101250.0,0.0517
CA,"Oak Hills CDP, California",0.1617,98424.0,0.0823
CA,"Oak Park CDP, California",0.1507,160484.0,0.0529
CA,"Oak Run CDP, California",0.0674,24160.0,0.1554
CA,"Oak View CDP, California",0.2066,109856.0,0.1342
CA,"Oakdale city, California",0.1269,86478.0,0.1189
CA,"Oakhurst CDP, California",0.3126,76606.0,0.2337
CA,"Oakland city, California",0.1426,97369.0,0.1163
CA,"Oakley city, California",0.1086,132067.0,0.1118
CA,"Oasis CDP, California",0.0505,36553.0,0.0819
CA,"Occidental CDP, California",0.2203,104044.0,0.0439
CA,"Oceano CDP, California",0.2725,69448.0,0.206
CA,"Oceanside city, California",0.1589,93724.0,0.1193
CA,"Ocotillo CDP, California",0.2994,22989.0,0.0
CA,"Oildale CDP, California",0.1231,49622.0,0.1578
CA,"Ojai city, California",0.3043,79202.0,0.1511
CA,"Old Fig Garden CDP, California",0.2001,100833.0,0.1234
CA,"Old Stine CDP, California",0.0927,65026.0,0.1233
CA,"Olde Stockdale CDP, California",0.5868,161923.0,0.292
CA,"Olivehurst CDP, California",0.1119,80477.0,0.1467
CA,"Ontario city, California",0.1012,82806.0,0.0943
CA,"Onyx CDP, California",0.3188,27462.0,0.4495
CA,"Orange Blossom CDP, California",0.3174,86500.0,0.1058
CA,"Orange Cove city, California",0.0759,38447.0,0.0783
CA,"Orange city, California",0.1482,116945.0,0.0879
CA,"Orangevale CDP, California",0.2031,98158.0,0.1156
CA,"Orcutt CDP, California",0.2092,108682.0,0.1332
CA,"Orick CDP, California",0.2458,43250.0,0.3488
CA,"Orinda city, California",0.2358,250001.0,0.0859
CA,"Orland city, California",0.1429,64531.0,0.1242
CA,"Orosi CDP, California",0.1231,49279.0,0.1184
CA,"Oroville East CDP, California",0.2889,86932.0,0.2011
CA,"Oroville city, California",0.134,51893.0,0.1996
CA,"Oxnard city, California",0.1154,93372.0,0.0987
CA,"Pacheco CDP, California",0.1982,100152.0,0.1473
CA,"Pacific Grove city, California",0.2887,105568.0,0.13
CA,"Pacifica city, California",0.203,156819.0,0.0896
CA,"Pajaro CDP, California",0.1375,82083.0,0.0778
CA,"Pala CDP, California",0.0931,90938.0,0.0346
CA,"Palermo CDP, California",0.2195,47893.0,0.2048
CA,"Palm Desert city, California",0.3731,79508.0,0.1641
CA,"Palm Springs city, California",0.3379,71979.0,0.1733
CA,"Palmdale city, California",0.107,81151.0,0.1157
CA,"Palo Alto city, California",0.1932,220408.0,0.0704
CA,"Palo Cedro CDP, California",0.1963,118542.0,0.1222
CA,"Paloma CDP, California",0.1094,80085.0,0.308
CA,"Palos Verdes Estates city, California",0.2752,247500.0,0.0913
CA,"Paradise CDP, California",0.4929,106250.0,0.1422
CA,"Paradise Park CDP, California",0.2056,73640.0,0.1175
CA,"Paradise town, California",0.4301,67042.0,0.1992
CA,"Paramount city, California",0.0958,70912.0,0.1084
CA,"Parklawn CDP, California",0.0381,70813.0,0.1665
CA,"Parksdale CDP, California",0.0846,55395.0,0.1446
CA,"Parkway CDP, California",0.1177,64380.0,0.1429
CA,"Parkwood CDP, California",0.1107,78194.0,0.1394
CA,"Parlier city, California",0.0826,50910.0,0.087
CA,"Pasadena city, California",0.1708,103778.0,0.1005
CA,"Pasatiempo CDP, California",0.3427,165000.0,0.1124
CA,"Patterson Tract CDP, California",0.1925,82500.0,0.2096
CA,"Patterson city, California",0.0904,93542.0,0.1021
CA,"Penn Valley CDP, California",0.3542,62966.0,0.3108
CA,"Penngrove CDP, California",0.2883,115826.0,0.0871
CA,"Penryn CDP, California",0.2946,121302.0,0.1643
CA,"Pepperdine University CDP, California",0.0354,179868.0,0.0631
CA,"Perris city, California",0.0842,82523.0,0.0996
CA,"Petaluma Center CDP, California",0.0,74250.0,0.0098
CA,"Petaluma city, California",0.2132,109823.0,0.1101
CA,"Peters CDP, California",0.2251,96786.0,0.0798
CA,"Phelan CDP, California",0.1053,83759.0,0.125
CA,"Phoenix Lake CDP, California",0.3103,78750.0,0.1256
CA,"Pico Rivera city, California",0.1623,86956.0,0.0959
CA,"Piedmont city, California",0.2257,250001.0,0.0765
CA,"Pine Canyon CDP, California",0.1202,106284.0,0.1911
CA,"Pine Flat CDP, California",0.239,58095.0,0.1805
CA,"Pine Grove CDP, California",0.3205,70675.0,0.1701
CA,"Pine Hills CDP, California",0.3172,83791.0,0.1875
CA,"Pine Mountain Club CDP, California",0.2706,56681.0,0.2071
CA,"Pine Mountain Lake CDP, California",0.4257,68000.0,0.1512
CA,"Pine Valley CDP, California",0.2448,124722.0,0.0875
CA,"Pinole city, California",0.225,120833.0,0.1288
CA,"Pioneer CDP, California",0.3099,74276.0,0.1909
CA,"Piru CDP, California",0.1678,96765.0,0.1888
CA,"Pismo Beach city, California",0.3199,112913.0,0.1325
CA,"Pittsburg city, California",0.134,101099.0,0.141
CA,"Pixley CDP, California",0.084,70574.0,0.098
CA,"Piñon Hills CDP, California",0.1981,65160.0,0.1718
CA,"Placentia city, California",0.145,110575.0,0.084
CA,"Placerville city, California",0.2244,70602.0,0.1395
CA,"Plainview CDP, California",0.1195,65938.0,0.0925
CA,"Planada CDP, California",0.1308,45588.0,0.1277
CA,"Pleasant Hill city, California",0.1807,144513.0,0.1152
CA,"Pleasanton city, California",0.1649,186206.0,0.083
CA,"Pleasure Point CDP, California",0.2021,117776.0,0.1636
CA,"Plumas Eureka CDP, California",0.5728,88750.0,0.1578
CA,"Plumas Lake CDP, California",0.0696,114083.0,0.0553
CA,"Plymouth city, California",0.1808,81250.0,0.1048
CA,"Point Arena city, California",0.1468,105726.0,0.1191
CA,"Pollock Pines CDP, California",0.1896,74190.0,0.1712
CA,"Pomona city, California",0.1256,78869.0,0.1079
CA,"Poplar-Cotton Center CDP, California",0.1207,51893.0,0.106
CA,"Port Hueneme city, California",0.1498,76655.0,0.145
CA,"Porterville city, California",0.1245,59012.0,0.1081
CA,"Portola Valley town, California",0.4243,250001.0,0.1224
CA,"Portola city, California",0.2161,42385.0,0.2392
CA,"Potomac Park CDP, California",0.0585,45617.0,0.0807
CA,"Potter Valley CDP, California",0.1751,79844.0,0.0573
CA,"Poway city, California",0.1898,143825.0,0.0953
CA,"Princeton CDP, California",0.1374,73958.0,0.1422
CA,"Proberta CDP, California",0.0611,36926.0,0.0589
CA,"Prunedale CDP, California",0.1593,106442.0,0.0927
CA,"Quartz Hill CDP, California",0.1585,104017.0,0.1275
CA,"Quincy CDP, California",0.2361,87008.0,0.1823
CA,"Rackerby CDP, California",0.4623,51719.0,0.2453
CA,"Rail Road Flat CDP, California",0.1839,85656.0,0.1049
CA,"Rainbow CDP, California",0.2566,85368.0,0.1255
CA,"Raisin City CDP, California",0.1452,54167.0,0.0524
CA,"Ramona CDP, California",0.1663,101023.0,0.1294
CA,"Rancho Calaveras CDP, California",0.1817,91629.0,0.1719
CA,"Rancho Cordova city, California",0.1202,89120.0,0.1494
CA,"Rancho Cucamonga city, California",0.1378,109511.0,0.0921
CA,"Rancho Mirage city, California",0.4993,109943.0,0.1808
CA,"Rancho Mission Viejo CDP, California",0.178,181111.0,0.0506
CA,"Rancho Murieta CDP, California",0.3079,129767.0,0.1427
CA,"Rancho Palos Verdes city, California",0.2602,175307.0,0.0851
CA,"Rancho San Diego CDP, California",0.2044,118431.0,0.1045
CA,"Rancho Santa Fe CDP, California",0.3462,236429.0,0.0758
CA,"Rancho Santa Margarita city, California",0.1148,146827.0,0.0898
CA,"Rancho Tehama Reserve CDP, California",0.3158,43750.0,0.2831
CA,"Red Bluff city, California",0.157,50216.0,0.1957
CA,"Red Corral CDP, California",0.3254,83929.0,0.2494
CA,"Redding city, California",0.1953,69443.0,0.1709
CA,"Redlands city, California",0.1502,99158.0,0.1153
CA,"Redondo Beach city, California",0.148,144588.0,0.07
CA,"Redwood City city, California",0.1359,150840.0,0.0845
CA,"Redwood Valley CDP, California",0.1677,53163.0,0.2461
CA,"Reedley city, California",0.1025,62923.0,0.1076
CA,"Reliez Valley CDP, California",0.2472,250001.0,0.1357
CA,"Rexland Acres CDP, California",0.0652,54491.0,0.1145
CA,"Rialto city, California",0.1031,85521.0,0.0957
CA,"Richgrove CDP, California",0.0824,54091.0,0.0604
CA,"Richmond city, California",0.1457,90038.0,0.1058
CA,"Richvale CDP, California",0.4094,73333.0,0.3188
CA,"Ridgecrest Heights CDP, California",0.3352,55000.0,0.2
CA,"Ridgecrest city, California",0.1332,88107.0,0.1435
CA,"Ridgemark CDP, California",0.2422,127117.0,0.1167
CA,"Rio Dell city, California",0.1614,46055.0,0.1718
CA,"Rio Linda CDP, California",0.1393,96083.0,0.1178
CA,"Rio Oso CDP, California",0.1781,172500.0,0.0974
CA,"Rio Vista city, California",0.4888,86970.0,0.1812
CA,"Rio del Mar CDP, California",0.2602,150313.0,0.1519
CA,"Ripley CDP, California",0.215,27957.0,0.1267
CA,"Ripon city, California",0.1591,120061.0,0.1255
CA,"Riverbank city, California",0.1143,90216.0,0.0971
CA,"Riverdale CDP, California",0.0874,54250.0,0.1063
CA,"Riverdale Park CDP, California",0.024,61802.0,0.1122
CA,"Riverside city, California",0.1171,88575.0,0.1073
CA,"Robbins CDP, California",0.0906,90375.0,0.0518
CA,"Rocklin city, California",0.1438,120916.0,0.1
CA,"Rodeo CDP, California",0.1729,88819.0,0.1572
CA,"Rohnert Park city, California",0.1373,96635.0,0.1101
CA,"Rolling Hills CDP, California",0.3827,91635.0,0.1745
CA,"Rolling Hills Estates city, California",0.2528,187500.0,0.1157
CA,"Rolling Hills city, California",0.325,250001.0,0.0933
CA,"Rollingwood CDP, California",0.0847,96808.0,0.1148
CA,"Romoland CDP, California",0.0856,101000.0,0.0712
CA,"Rosamond CDP, California",0.1137,77773.0,0.1437
CA,"Rose Hills CDP, California",0.2511,123220.0,0.1018
CA,"Rosedale CDP, California",0.1314,134697.0,0.0996
CA,"Rosemead city, California",0.1993,72248.0,0.0917
CA,"Rosemont CDP, California",0.1481,86178.0,0.1648
CA,"Roseville city, California",0.1715,117354.0,0.1124
CA,"Ross town, California",0.2163,250001.0,0.0579
CA,"Rossmoor CDP, California",0.2135,200833.0,0.084
CA,"Rough and Ready CDP, California",0.3338,100417.0,0.0926
CA,"Round Mountain CDP, California",0.3265,55250.0,0.5374
CA,"Round Valley CDP, California",0.0994,49844.0,0.0382
CA,"Rouse CDP, California",0.0066,45071.0,0.078
CA,"Rowland Heights CDP, California",0.2101,85202.0,0.0875
CA,"Running Springs CDP, California",0.1828,85681.0,0.1396
CA,"Sacramento city, California",0.1408,83753.0,0.1226
CA,"Sage CDP, California",0.1505,88879.0,0.1313
CA,"Salida CDP, California",0.1199,91990.0,0.1314
CA,"Salinas city, California",0.1025,89150.0,0.0878
CA,"Salton City CDP, California",0.2079,36915.0,0.1762
CA,"Samoa CDP, California",0.1595,44569.0,0.0429
CA,"San Andreas CDP, California",0.3717,42231.0,0.2507
CA,"San Anselmo town, California",0.2075,170457.0,0.0854
CA,"San Antonio Heights CDP, California",0.1796,144509.0,0.1055
CA,"San Bernardino city, California",0.1018,63988.0,0.1248
CA,"San Bruno city, California",0.1737,135976.0,0.0953
CA,"San Buenaventura (Ventura) city, California",0.1824,100407.0,0.132
CA,"San Carlos city, California",0.1648,233333.0,0.075
CA,"San Clemente city, California",0.2048,134735.0,0.0978
CA,"San Diego Country Estates CDP, California",0.1572,134639.0,0.0886
CA,"San Diego city, California",0.1417,104321.0,0.0967
CA,"San Dimas city, California",0.1925,105833.0,0.1435
CA,"San Fernando city, California",0.1263,79694.0,0.104
CA,"San Francisco city, California",0.1717,141446.0,0.1115
CA,"San Gabriel city, California",0.1847,87592.0,0.0793
CA,"San Geronimo CDP, California",0.1975,206375.0,0.0391
CA,"San Jacinto city, California",0.1155,78281.0,0.147
CA,"San Joaquin city, California",0.053,51591.0,0.0517
CA,"San Jose city, California",0.1412,141565.0,0.0959
CA,"San Juan Bautista city, California",0.1901,108750.0,0.1292
CA,"San Juan Capistrano city, California",0.2036,127893.0,0.1021
CA,"San Leandro city, California",0.1837,98063.0,0.1214
CA,"San Lorenzo CDP, California",0.1591,110495.0,0.1367
CA,"San Lucas CDP, California",0.1657,54375.0,0.0773
CA,"San Luis Obispo city, California",0.1369,66711.0,0.0936
CA,"San Marcos city, California",0.1328,105286.0,0.1072
CA,"San Marino city, California",0.2222,187633.0,0.0786
CA,"San Martin CDP, California",0.2045,156292.0,0.1413
CA,"San Mateo city, California",0.1637,152669.0,0.0893
CA,"San Miguel CDP (Contra Costa County), California",0.2623,224219.0,0.0867
CA,"San Miguel CDP (San Luis Obispo County), California",0.0413,76563.0,0.092
CA,"San Pablo city, California",0.1119,78215.0,0.1201
CA,"San Pasqual CDP, California",0.1912,138542.0,0.0685
CA,"San Rafael city, California",0.2067,109317.0,0.1019
CA,"San Ramon city, California",0.1156,197358.0,0.0638
CA,"San Simeon CDP, California",0.2359,54705.0,0.0399
CA,"Sand City city, California",0.1603,78250.0,0.0382
CA,"Sanger city, California",0.1059,74428.0,0.1222
CA,"Santa Ana city, California",0.1111,88354.0,0.0848
CA,"Santa Barbara city, California",0.2013,101672.0,0.1108
CA,"Santa Clara city, California",0.1107,173670.0,0.075
CA,"Santa Clarita city, California",0.1307,119926.0,0.0954
CA,"Santa Cruz city, California",0.1369,111427.0,0.1084
CA,"Santa Fe Springs city, California",0.16,86857.0,0.0925
CA,"Santa Maria city, California",0.1078,84617.0,0.1133
CA,"Santa Monica city, California",0.1924,109739.0,0.0963
CA,"Santa Nella CDP, California",0.1305,87375.0,0.1216
CA,"Santa Paula city, California",0.1439,77130.0,0.1261
CA,"Santa Rosa Valley CDP, California",0.2678,176389.0,0.101
CA,"Santa Rosa city, California",0.1861,97410.0,0.1259
CA,"Santa Susana CDP, California",0.2167,95329.0,0.1424
CA,"Santa Venetia CDP, California",0.3104,138085.0,0.1654
CA,"Santa Ynez CDP, California",0.2131,117500.0,0.1683
CA,"Santee city, California",0.1644,105613.0,0.1274
CA,"Saranap CDP, California",0.172,152821.0,0.0833
CA,"Saratoga city, California",0.2591,241348.0,0.0804
CA,"Saticoy CDP, California",0.1668,83775.0,0.2748
CA,"Sausalito city, California",0.3263,173030.0,0.1159
CA,"Scotia CDP, California",0.1274,77500.0,0.131
CA,"Scotts Valley city, California",0.2428,140887.0,0.1086
CA,"Sea Ranch CDP, California",0.6817,121731.0,0.1633
CA,"Seacliff CDP, California",0.1938,121845.0,0.1144
CA,"Seal Beach city, California",0.4367,83045.0,0.187
CA,"Searles Valley CDP, California",0.139,65625.0,0.1531
CA,"Seaside city, California",0.1239,82303.0,0.1148
CA,"Sebastopol city, California",0.2639,99600.0,0.1147
CA,"Seeley CDP, California",0.0447,56917.0,0.1403
CA,"Selma city, California",0.1238,55839.0,0.1375
CA,"Seville CDP, California",0.0851,47857.0,0.1064
CA,"Shafter city, California",0.0714,67989.0,0.0814
CA,"Shandon CDP, California",0.0873,91389.0,0.1353
CA,"Shasta CDP, California",0.2549,108500.0,0.1346
CA,"Shasta Lake city, California",0.1953,61319.0,0.2225
CA,"Shaver Lake CDP, California",0.6338,131875.0,0.2507
CA,"Shell Ridge CDP, California",0.1774,250001.0,0.0611
CA,"Shelter Cove CDP, California",0.3285,46066.0,0.2435
CA,"Sheridan CDP, California",0.0753,79732.0,0.0428
CA,"Shingle Springs CDP, California",0.3056,109531.0,0.1583
CA,"Shingletown CDP, California",0.4616,74242.0,0.2404
CA,"Sierra Brooks CDP, California",0.5465,35236.0,0.3494
CA,"Sierra City CDP, California",0.6995,92543.0,0.0329
CA,"Sierra Madre city, California",0.2197,141094.0,0.0861
CA,"Sierra Village CDP, California",0.2168,65938.0,0.2517
CA,"Signal Hill city, California",0.1265,102303.0,0.0635
CA,"Silver Lakes CDP, California",0.2061,111857.0,0.0997
CA,"Silverado CDP, California",0.1876,90104.0,0.1146
CA,"Silverado Resort CDP, California",0.6177,167596.0,0.1555
CA,"Simi Valley city, California",0.1684,117703.0,0.1147
CA,"Sky Valley CDP, California",0.3422,47656.0,0.1801
CA,"Sleepy Hollow CDP, California",0.1936,196630.0,0.0809
CA,"Smartsville CDP, California",0.2525,78664.0,0.1919
CA,"Smith Corner CDP, California",0.1135,43854.0,0.0993
CA,"Smith River CDP, California",0.1386,100461.0,0.174
CA,"Snelling CDP, California",0.1887,48125.0,0.166
CA,"Soda Bay CDP, California",0.3461,96994.0,0.2149
CA,"Solana Beach city, California",0.2362,150820.0,0.0749
CA,"Soledad city, California",0.0677,93204.0,0.0313
CA,"Solvang city, California",0.3257,118208.0,0.0933
CA,"Somis CDP, California",0.2238,144018.0,0.146
CA,"Sonoma city, California",0.3262,101281.0,0.1671
CA,"Sonora city, California",0.222,62621.0,0.2346
CA,"Soquel CDP, California",0.2245,114991.0,0.1373
CA,"Soulsbyville CDP, California",0.1642,92996.0,0.1364
CA,"South Dos Palos CDP, California",0.0476,55288.0,0.0538
CA,"South El Monte city, California",0.149,67153.0,0.1161
CA,"South Gate city, California",0.1206,71315.0,0.0904
CA,"South Lake Tahoe city, California",0.1635,73940.0,0.1148
CA,"South Monrovia Island CDP, California",0.0979,109730.0,0.06
CA,"South Oroville CDP, California",0.1455,64785.0,0.1505
CA,"South Pasadena city, California",0.1324,128105.0,0.0709
CA,"South San Francisco city, California",0.1766,135909.0,0.1016
CA,"South San Gabriel CDP, California",0.2194,76921.0,0.0816
CA,"South San Jose Hills CDP, California",0.1348,94740.0,0.1123
CA,"South Taft CDP, California",0.0474,41875.0,0.1405
CA,"South Whittier CDP, California",0.1162,98974.0,0.095
CA,"Spring Valley CDP (Lake County), California",0.2994,43816.0,0.1781
CA,"Spring Valley CDP (San Diego County), California",0.1212,104808.0,0.1011
CA,"Spring Valley Lake CDP, California",0.1765,93040.0,0.1753
CA,"Springville CDP, California",0.2058,141635.0,0.0437
CA,"Squaw Valley CDP, California",0.207,81094.0,0.0806
CA,"St. Helena city, California",0.2983,158218.0,0.1157
CA,"Stallion Springs CDP, California",0.3535,83590.0,0.163
CA,"Stanford CDP, California",0.0393,70651.0,0.0667
CA,"Stanton city, California",0.1404,81455.0,0.1155
CA,"Stebbins CDP, California",0.0767,108056.0,0.1042
CA,"Stevenson Ranch CDP, California",0.0991,146404.0,0.0842
CA,"Stinson Beach CDP, California",0.4945,117000.0,0.1831
CA,"Stirling City CDP, California",0.1078,56026.0,0.078
CA,"Stockton city, California",0.13,76851.0,0.1408
CA,"Stratford CDP, California",0.0437,61090.0,0.1709
CA,"Strathmore CDP, California",0.0379,42705.0,0.0687
CA,"Strawberry CDP (Marin County), California",0.2171,144130.0,0.0409
CA,"Suisun City city, California",0.1407,97083.0,0.1247
CA,"Sultana CDP, California",0.1014,42143.0,0.1526
CA,"Summerland CDP, California",0.2885,133083.0,0.0633
CA,"Sun Village CDP, California",0.1199,68284.0,0.0887
CA,"Sunnyside CDP, California",0.1693,114500.0,0.1261
CA,"Sunnyside-Tahoe City CDP, California",0.2304,121154.0,0.0742
CA,"Sunnyvale city, California",0.1236,181862.0,0.0685
CA,"Sunol CDP, California",0.2417,182250.0,0.1074
CA,"Susanville city, California",0.1177,57607.0,0.1115
CA,"Sutter CDP, California",0.1827,94375.0,0.1591
CA,"Sutter Creek city, California",0.2921,68148.0,0.099
CA,"Swall Meadows CDP, California",0.2864,185913.0,0.0808
CA,"Taft Heights CDP, California",0.1096,62125.0,0.2034
CA,"Taft Mosswood CDP, California",0.2102,55526.0,0.2085
CA,"Taft city, California",0.1496,64479.0,0.2245
CA,"Tahoe Vista CDP, California",0.4117,98264.0,0.0682
CA,"Tahoma CDP, California",0.1703,89531.0,0.1176
CA,"Talmage CDP, California",0.2043,48939.0,0.2212
CA,"Tamalpais-Homestead Valley CDP, California",0.1769,238158.0,0.072
CA,"Tara Hills CDP, California",0.1492,116415.0,0.1187
CA,"Tarpey Village CDP, California",0.2259,57344.0,0.1821
CA,"Tecopa CDP, California",0.5562,26731.0,0.2012
CA,"Tehachapi city, California",0.1354,67785.0,0.1171
CA,"Tehama city, California",0.2481,67614.0,0.2051
CA,"Temecula city, California",0.1223,117840.0,0.0957
CA,"Temelec CDP, California",0.8113,73654.0,0.2936
CA,"Temescal Valley CDP, California",0.1613,119647.0,0.1026
CA,"Temple City city, California",0.1876,102449.0,0.1057
CA,"Templeton CDP, California",0.2118,114155.0,0.0856
CA,"Terminous CDP, California",0.381,72838.0,0.2521
CA,"Terra Bella CDP, California",0.0796,62073.0,0.0537
CA,"Teviston CDP, California",0.12,46914.0,0.1676
CA,"Thermalito CDP, California",0.1728,53814.0,0.1749
CA,"Thornton CDP, California",0.0969,47917.0,0.2209
CA,"Thousand Oaks city, California",0.2036,134367.0,0.1033
CA,"Thousand Palms CDP, California",0.2301,80280.0,0.1648
CA,"Three Rivers CDP, California",0.2627,83614.0,0.2007
CA,"Three Rocks CDP, California",0.2667,85208.0,0.2333
CA,"Tiburon town, California",0.2458,212794.0,0.0682
CA,"Timber Cove CDP, California",0.3204,88750.0,0.1547
CA,"Tipton CDP, California",0.0442,51389.0,0.0672
CA,"Topanga CDP, California",0.2142,142553.0,0.0859
CA,"Toro Canyon CDP, California",0.5098,177879.0,0.0685
CA,"Torrance city, California",0.1832,113105.0,0.0965
CA,"Trabuco Canyon CDP, California",0.2925,221458.0,0.2068
CA,"Tracy city, California",0.1066,118253.0,0.1005
CA,"Tranquillity CDP, California",0.2221,61250.0,0.0566
CA,"Traver CDP, California",0.2005,52188.0,0.138
CA,"Tres Pinos CDP, California",0.1886,156250.0,0.1285
CA,"Trinidad city, California",0.3467,99107.0,0.1816
CA,"Trinity Center CDP, California",0.7774,59063.0,0.4518
CA,"Trinity Village CDP, California",0.4696,83620.0,0.1261
CA,"Trowbridge CDP, California",0.1193,107083.0,0.0741
CA,"Truckee town, California",0.16,125995.0,0.0677
CA,"Tulare city, California",0.095,69517.0,0.1364
CA,"Tulelake city, California",0.2174,43125.0,0.1732
CA,"Tuolumne City CDP, California",0.3034,60694.0,0.198
CA,"Turlock city, California",0.1487,79807.0,0.1271
CA,"Tustin city, California",0.1306,108435.0,0.0824
CA,"Tuttletown CDP, California",0.2862,82292.0,0.2958
CA,"Twain Harte CDP, California",0.2946,87018.0,0.2503
CA,"Twentynine Palms city, California",0.0676,56000.0,0.1265
CA,"Twin Lakes CDP (Santa Cruz County), California",0.2027,81288.0,0.0942
CA,"Ukiah city, California",0.1966,67122.0,0.1772
CA,"Union City city, California",0.1813,137194.0,0.1033
CA,"University of California-Davis CDP, California",0.0,17625.0,0.0732
CA,"University of California-Santa Barbara CDP, California",0.0045,75000.0,0.0916
CA,"Upland city, California",0.1505,101407.0,0.111
CA,"Upper Lake CDP, California",0.1827,104936.0,0.1238
CA,"Vacaville city, California",0.1537,108580.0,0.1115
CA,"Val Verde CDP, California",0.0921,109543.0,0.1109
CA,"Valinda CDP, California",0.1436,99979.0,0.1132
CA,"Valle Vista CDP, California",0.1509,61799.0,0.1668
CA,"Vallejo city, California",0.1692,89496.0,0.128
CA,"Valley Acres CDP, California",0.1259,87407.0,0.103
CA,"Valley Center CDP, California",0.2346,116620.0,0.0749
CA,"Valley Home CDP, California",0.3029,101875.0,0.1923
CA,"Valley Springs CDP, California",0.3333,32004.0,0.4239
CA,"Vandenberg AFB CDP, California",0.0027,83096.0,0.0081
CA,"Vandenberg Village CDP, California",0.2185,104714.0,0.1643
CA,"Vernon city, California",0.1887,70833.0,0.1078
CA,"Victorville city, California",0.1031,70663.0,0.1434
CA,"View Park-Windsor Hills CDP, California",0.2394,120604.0,0.1235
CA,"Villa Park city, California",0.3049,204750.0,0.1271
CA,"Vina CDP, California",0.1983,41101.0,0.2098
CA,"Vincent CDP, California",0.1297,99157.0,0.1175
CA,"Vine Hill CDP, California",0.1258,124528.0,0.1816
CA,"Vineyard CDP, California",0.1323,108403.0,0.1071
CA,"Visalia city, California",0.1275,79952.0,0.1167
CA,"Vista Santa Rosa CDP, California",0.1973,68476.0,0.1175
CA,"Vista city, California",0.1251,91854.0,0.0805
CA,"Walker CDP, California",0.6161,47917.0,0.2143
CA,"Wallace CDP, California",0.2315,113462.0,0.0511
CA,"Walnut Creek city, California",0.2898,135665.0,0.1246
CA,"Walnut Grove CDP, California",0.2546,88269.0,0.1278
CA,"Walnut Park CDP, California",0.1385,79205.0,0.1468
CA,"Walnut city, California",0.2356,133762.0,0.0754
CA,"Warm Springs CDP, California",0.233,75114.0,0.2084
CA,"Wasco city, California",0.064,55521.0,0.0749
CA,"Waterford city, California",0.0719,73092.0,0.1192
CA,"Waterloo CDP, California",0.2088,250001.0,0.1185
CA,"Watsonville city, California",0.124,74785.0,0.1176
CA,"Wawona CDP, California",0.5197,70320.0,0.1024
CA,"Weaverville CDP, California",0.4246,73670.0,0.1598
CA,"Weed city, California",0.1443,38966.0,0.2127
CA,"Weedpatch CDP, California",0.1199,21450.0,0.0947
CA,"Weldon CDP, California",0.3822,27353.0,0.2091
CA,"West Athens CDP, California",0.1356,77750.0,0.1643
CA,"West Bishop CDP, California",0.2814,117609.0,0.1064
CA,"West Carson CDP, California",0.239,95385.0,0.1033
CA,"West Covina city, California",0.17,98570.0,0.1185
CA,"West Goshen CDP, California",0.1534,110750.0,0.1823
CA,"West Hollywood city, California",0.1617,94844.0,0.1474
CA,"West Menlo Park CDP, California",0.141,250001.0,0.0878
CA,"West Modesto CDP, California",0.109,61833.0,0.1237
CA,"West Park CDP, California",0.1092,65556.0,0.1092
CA,"West Point CDP, California",0.4081,68088.0,0.2087
CA,"West Puente Valley CDP, California",0.1735,86692.0,0.1078
CA,"West Rancho Dominguez CDP, California",0.1099,81585.0,0.1484
CA,"West Sacramento city, California",0.1099,90791.0,0.1075
CA,"West Whittier-Los Nietos CDP, California",0.1557,101138.0,0.0973
CA,"Westhaven-Moonstone CDP, California",0.1608,63843.0,0.1004
CA,"Westlake Village city, California",0.2778,174069.0,0.0843
CA,"Westley CDP, California",0.025,45833.0,0.0236
CA,"Westminster city, California",0.1769,82686.0,0.1223
CA,"Westmont CDP, California",0.1145,47899.0,0.1565
CA,"Westmorland city, California",0.1413,28929.0,0.1557
CA,"Wheatland city, California",0.1456,81827.0,0.1478
CA,"Whitewater CDP, California",0.1196,76974.0,0.236
CA,"Whitmore CDP, California",0.4314,60625.0,0.1569
CA,"Whittier city, California",0.1461,92374.0,0.0971
CA,"Wildomar city, California",0.1363,95677.0,0.1171
CA,"Wilkerson CDP, California",0.3311,92212.0,0.0585
CA,"Williams city, California",0.0873,93138.0,0.0889
CA,"Willits city, California",0.2866,55971.0,0.2415
CA,"Willow Creek CDP, California",0.313,43056.0,0.4362
CA,"Willowbrook CDP, California",0.0845,60386.0,0.1212
CA,"Willows city, California",0.1351,78179.0,0.1141
CA,"Wilseyville CDP, California",0.4425,41141.0,0.2845
CA,"Wilton CDP, California",0.2449,171579.0,0.1784
CA,"Winchester CDP, California",0.1286,75353.0,0.1555
CA,"Windsor town, California",0.1708,129004.0,0.1042
CA,"Winter Gardens CDP, California",0.1276,94320.0,0.1487
CA,"Winters city, California",0.1285,132650.0,0.0869
CA,"Winton CDP, California",0.0994,58884.0,0.1106
CA,"Wofford Heights CDP, California",0.3232,40168.0,0.2662
CA,"Woodacre CDP, California",0.2853,225521.0,0.0565
CA,"Woodbridge CDP, California",0.2575,100682.0,0.1616
CA,"Woodcrest CDP, California",0.1779,139659.0,0.1058
CA,"Woodlake city, California",0.1002,46607.0,0.1138
CA,"Woodland city, California",0.1419,87880.0,0.1289
CA,"Woodlands CDP, California",0.7237,160694.0,0.1372
CA,"Woodside town, California",0.2266,250001.0,0.0691
CA,"Woodville CDP, California",0.0792,45089.0,0.0984
CA,"Woodville Farm Labor Camp CDP, California",0.0997,48077.0,0.2632
CA,"Woody CDP, California",0.2636,90625.0,0.0727
CA,"Wrightwood CDP, California",0.3122,78496.0,0.1506
CA,"Yankee Hill CDP, California",0.138,76875.0,0.138
CA,"Yermo CDP, California",0.1288,56414.0,0.0733
CA,"Yorba Linda city, California",0.1997,152060.0,0.0854
CA,"Yosemite Lakes CDP, California",0.2224,100227.0,0.1784
CA,"Yountville city, California",0.5003,79696.0,0.2026
CA,"Yreka city, California",0.2547,42664.0,0.1886
CA,"Yuba City city, California",0.1598,72322.0,0.1398
CA,"Yucaipa city, California",0.1628,92401.0,0.1282
CA,"Yucca Valley town, California",0.206,55302.0,0.1955
CA,"Zayante CDP, California",0.1967,164234.0,0.1393
